waktu;Minyak_Goreng_Curah
01/2017;11250
02/2017;12200
03/2017;11400
04/2017;10750
05/2017;10750
06/2017;10750
07/2017;10650
08/2017;10600
09/2017;11050
10/2017;10750
11/2017;10650
12/2017;10500
01/2018;10500
02/2018;10500
03/2018;10550
04/2018;10500
05/2018;10450
06/2018;10450
07/2018;9800
08/2018;9500
09/2018;9700
10/2018;9500
11/2018;9500
12/2018;9500
01/2019;9500
02/2019;9650
03/2019;9500
04/2019;9500
05/2019;9500